{
    "0.13779188800263387": 0.5971984020229955,
    "0.9694442674217982": 0.48873769626934793,
    "0.2929691035670392": 0.9841104455642328,
    "0.2635038259367293": 0.2505196307418064,
    "0.8841905976526472": 0.24335512313576102,
    "0.04658664002285673": 0.524770401588977,
    "0.9148285225616591": 0.6986723289996147,
    "0.7951234732671392": 0.1165082477356133,
    "0.07322421849455807": 0.5985054682193796,
    "0.8716265967869624": 0.3948049125610017
}