{
    "0.938368120388899": 0.859541858483764,
    "0.48971728416708327": 0.4033270981097925,
    "0.4636954734165539": 0.08383699429330427,
    "0.18177907165285312": 0.5638386610491603,
    "0.7109272552411439": 0.9748640607232034,
    "0.9115730748032762": 0.4244584230427323,
    "0.4722116584160925": 0.7631617859949528,
    "0.03795920030094457": 0.1845448648811453,
    "0.929738231375831": 0.7646447746868299,
    "0.8238438859749418": 0.8870788671900451
}