{
    "0.4287593455448536": 0.004095783770898476,
    "0.0032123148889934283": 0.5507096797290173,
    "0.4627477242699771": 0.9756313951928044,
    "0.9220012014252638": 0.06297336908654916,
    "0.5720748510334652": 0.8528263006194291,
    "0.5626348352864946": 0.8056896950476522,
    "0.5579438324428609": 0.8555985332156014,
    "0.2204879483538561": 0.07698772162626677,
    "0.4838771137792456": 0.08968793975360989,
    "0.08441084535773846": 0.5294628988899513
}